INSERT INTO `category` (`id_category`, `nom`)VALUES ('1', 'Catégorie 1'),('2', 'Catégorie 2'),('3', 'Catégorie 3'),('4', 'Catégorie 4'),('5', 'Catégorie 5'),('6', 'Catégorie 6'),('7', 'Catégorie 7'),('8', 'Catégorie 8'),('9', 'Catégorie 9'),('10', 'Catégorie 10');
INSERT INTO `motscle` (`id_motscle`, `nom`)VALUES ('1', '#1'),('2', '#2'),('3', '#3'),('4', '#4'),('5', '#5');
INSERT INTO `permission` (`id_permission`, `description`, `nom`)VALUES ('1', 'ajouter du contenu', 'ajouter'),('2', 'suppresion du contenu', 'supprimer');
INSERT INTO `role` (`id_role`, `nom`)VALUES ('1', 'admin'),('2', 'user');
INSERT INTO `image` (`id_image`, `aime`, `description`, `file_download_uri`, `file_name`, `file_type`, `is_deleted`, `size`, `id_utilisateur`) VALUES(1, 0, 'BOKEEHHHHH', 'http://localhost:8081/downloadFile/1.jpg', '1.jpg', 'image/jpeg', b'0', 24894, 1),(2, 0, 'Metz - Eglise protestante', 'http://localhost:8081/downloadFile/2.jpg', '2.jpg', 'image/jpeg', b'0', 38777, 1),(3, 0, 'Metz - pont des morts', 'http://localhost:8081/downloadFile/3.jpg', '3.jpg', 'image/jpeg', b'0', 51433, 1),(4, 0, 'Bokeehhh', 'http://localhost:8081/downloadFile/4.jpg', '4.jpg', 'image/jpeg', b'0', 40179, 1),(5, 0, 'Mon chien -> Gizmo', 'http://localhost:8081/downloadFile/5.jpg', '5.jpg', 'image/jpeg', b'0', 47489, 1);
INSERT INTO `utilisateur` (`id_utilisateur`, `email`, `is_deleted`, `nom`, `password`, `prenom`, `username`, `id_role`)VALUES ('1', 'amaury.lapaque@gmail.com', b'0', 'lapaque', '$2a$10$lgLKsaA8BEeAsZW8X6WihexUH1tMUGqlnB5n0gmdH3dA9FCk5LEJu', 'amaury', 'amaury.lapaque', '1'),('2', 'lucas.robyns@gmail.com', b'0', 'robyns', '$2a$10$lgLKsaA8BEeAsZW8X6WihexUH1tMUGqlnB5n0gmdH3dA9FCk5LEJu', 'lucas', 'lucas.robyns', '2');
INSERT INTO `category_has_motscle` (`id_category`, `id_motscle`)VALUES ('1', '1'),('2', '2'),('3', '3'),('4', '4'),('5', '5'),('6', '1'),('7', '2'),('8', '3'),('9', '4'),('10', '5');
INSERT INTO `role_has_permission` (`id_permission`, `id_role`)VALUES ('1', '1'),('1', '2'),('2', '1');
INSERT INTO `image_has_category` (`id_category`, `id_image`) VALUES ('1', '1'), ('2', '2'), ('3', '3'), ('4', '4'), ('5', '5');
INSERT INTO `image_has_motscle` (`id_image`,`id_motscle` ) VALUES ('1', '1'), ('2', '2'), ('3', '3'), ('4', '4'), ('5', '5');