INSERT INTO `category` (`id_category`, `nom`) VALUES ('1', 'Catégorie 1'), ('2', 'Catégorie 2'), ('3', 'Catégorie 3'), ('4', 'Catégorie 4'), ('5', 'Catégorie 5'), ('6', 'Catégorie 6'), ('7', 'Catégorie 7'), ('8', 'Catégorie 8'), ('9', 'Catégorie 9'), ('10', 'Catégorie 10') ;
INSERT INTO `image` (`id_image`, `aime`, `description`, `is_deleted`, `nom`, `src`, `id_utilisateur`) VALUES ('1', '11', 'image 1', b'0', 'a', 'https://picsum.photos/id/0/5616/3744', '2'), ('2', '22', 'image 2', b'0', 'b', 'https://picsum.photos/id/1/5616/3744', '1'), ('3', '33', 'image 3', b'0', 'c', 'https://picsum.photos/id/10/2500/1667', '2'), ('4', '44', 'image 4', b'0', 'd', 'https://picsum.photos/id/100/2500/1656', '1'), ('5', '55', 'image 5', b'0', 'e', 'https://picsum.photos/id/1000/5626/3635', '2'), ('6', '66', 'image 6', b'0', 'f', 'https://picsum.photos/id/1001/5616/3744', '1'), ('7', '77', 'image 7', b'0', 'g', 'https://picsum.photos/id/1002/4312/2868', '2'), ('8', '88', 'image 8', b'0', 'h', 'https://picsum.photos/id/1003/1181/1772', '1'), ('9', '99', 'image 9', b'0', 'i', 'https://picsum.photos/id/1004/5616/3744', '2'), ('10', '100', 'image 10', b'0', 'j', 'https://picsum.photos/id/1005/5760/3840', '1');
INSERT INTO `motscle` (`id_motscle`, `nom`) VALUES ('1', '#1'), ('2', '#2'), ('3', '#3'), ('4', '#4'), ('5', '#5');
INSERT INTO `permission` (`id_permission`, `description`, `nom`) VALUES ('1', 'ajouter du contenu', 'ajouter'), ('2', 'suppresion du contenu', 'supprimer');
INSERT INTO `role` (`id_role`, `nom`) VALUES ('1', 'admin'), ('2', 'user') ;
INSERT INTO `utilisateur` (`id_utilisateur`, `email`, `is_deleted`, `nom`, `password`, `prenom`, `username`, `id_role`) VALUES ('1', 'amaury.lapaque@gmail.com', b'0', 'lapaque', '1234', 'amaury', 'amaury.lapaque', '1'), ('2', 'lucas.robyns@gmail.com', b'0', 'robyns', 'pipoudou', 'lucas', 'lucas.robyns', '2');
INSERT INTO `category_has_motscle` (`id_category`, `id_motscle`) VALUES ('1', '1'), ('2', '2'), ('3', '3'), ('4', '4'), ('5', '5'), ('6', '1'), ('7', '2'), ('8', '3'), ('9', '4'), ('10', '5');
INSERT INTO `image_has_category` (`id_category`, `id_image`) VALUES ('1', '1'), ('2', '2'), ('3', '3'), ('4', '4'), ('5', '5'), ('6', '6'), ('7', '7'), ('8', '8'), ('9', '9'), ('10', '10');
INSERT INTO `image_has_motscle` (`id_image`,`id_motscle` ) VALUES ('1', '1'), ('2', '2'), ('3', '3'), ('4', '4'), ('5', '5'), ('6', '1'), ('7', '2'), ('8', '3'), ('9', '4'), ('10', '5');
INSERT INTO `role_has_permission` (`id_permission`, `id_role`) VALUES ('1', '1'), ('1', '2'), ('2', '1');