INSERT INTO `role` (`id_role`, `nom`)VALUES ('1','ADMIN'),('2','USER');
INSERT INTO `category` (`id_category`, `nom`)VALUES ('1', 'Catégorie 1'),('2', 'Catégorie 2'),('3', 'Catégorie 3'),('4', 'Catégorie 4'),('5', 'Catégorie 5'),('6', 'Catégorie 6'),('7', 'Catégorie 7'),('8', 'Catégorie 8'),('9', 'Catégorie 9'),('10', 'Catégorie 10');
INSERT INTO `motscle` (`id_motscle`, `nom`)VALUES ('1', '#1'),('2', '#2'),('3', '#3'),('4', '#4'),('5', '#5');
INSERT INTO `permission` (`id_permission`, `description`, `nom`)VALUES ('1', 'ajouter du contenu', 'ajouter'),('2', 'suppresion du contenu', 'supprimer');
INSERT INTO `image` (`id_image`, `aime`, `description`, `file_download_uri`, `file_name`, `file_type`, `is_deleted`, `size`, `id_utilisateur`) VALUES (1, 30, 'BOKEEHHHHH', 'http://localhost:8081/downloadFile/1.jpg', '1.jpg', 'image/jpeg', b'0', 24894, 1),(2, 0, 'Metz - Eglise protestante', 'http://localhost:8081/downloadFile/2.jpg', '2.jpg', 'image/jpeg', b'0', 38777, 1),(3, 0, 'Metz - pont des morts', 'http://localhost:8081/downloadFile/3.jpg', '3.jpg', 'image/jpeg', b'0', 51433, 1),(4, 0, 'Bokeehhh', 'http://localhost:8081/downloadFile/4.jpg', '4.jpg', 'image/jpeg', b'0', 40179, 1),(5, 0, 'Mon chien -> Gizmo', 'http://localhost:8081/downloadFile/5.jpg', '5.jpg', 'image/jpeg', b'0', 47489, 1),(6, 0, NULL, 'http://localhost:8081/downloadFile/6.jpg', '6.jpg', 'image/jpeg', b'0', 44367, 1),(7, 0, NULL, 'http://localhost:8081/downloadFile/7.jpg', '7.jpg', 'image/jpeg', b'0', 54100, 1),(8, 0, NULL, 'http://localhost:8081/downloadFile/8.jpg', '8.jpg', 'image/jpeg', b'0', 59413, 1),(9, 0, NULL, 'http://localhost:8081/downloadFile/9.jpg', '9.jpg', 'image/jpeg', b'0', 62491, 1),(10, 0, NULL, 'http://localhost:8081/downloadFile/10.jpg', '10.jpg', 'image/jpeg', b'0', 61395, 1),(11, 0, NULL, 'http://localhost:8081/downloadFile/11.jpg', '11.jpg', 'image/jpeg', b'0', 62797, 1),(12, 0, NULL, 'http://localhost:8081/downloadFile/12.jpg', '12.jpg', 'image/jpeg', b'0', 80690, 1),(13, 0, NULL, 'http://localhost:8081/downloadFile/13.jpg', '13.jpg', 'image/jpeg', b'0', 51902, 1),(14, 0, NULL, 'http://localhost:8081/downloadFile/14.jpg', '14.jpg', 'image/jpeg', b'0', 47213, 1),(15, 0, NULL, 'http://localhost:8081/downloadFile/15.jpg', '15.jpg', 'image/jpeg', b'0', 55106, 1),(16, 0, NULL, 'http://localhost:8081/downloadFile/16.jpg', '16.jpg', 'image/jpeg', b'0', 77117, 1),(17, 0, NULL, 'http://localhost:8081/downloadFile/17.jpg', '17.jpg', 'image/jpeg', b'0', 68097, 1),(18, 0, NULL, 'http://localhost:8081/downloadFile/18.jpg', '18.jpg', 'image/jpeg', b'0', 28082, 1);
INSERT INTO `utilisateur` (`id_utilisateur`, `email`, `is_deleted`, `nom`, `password`, `prenom`, `username`, `id_role`)VALUES ('1', 'amaury.lapaque@gmail.com', b'0', 'lapaque', '$2a$10$lgLKsaA8BEeAsZW8X6WihexUH1tMUGqlnB5n0gmdH3dA9FCk5LEJu', 'amaury', 'amaury.lapaque', '1'),('2', 'lucas.robyns@gmail.com', b'0', 'robyns', '$2a$10$lgLKsaA8BEeAsZW8X6WihexUH1tMUGqlnB5n0gmdH3dA9FCk5LEJu', 'lucas', 'lucas.robyns', '2');
INSERT INTO `category_has_motscle` (`id_category`, `id_motscle`)VALUES ('1', '1'),('2', '2'),('3', '3'),('4', '4'),('5', '5'),('6', '1'),('7', '2'),('8', '3'),('9', '4'),('10', '5');
INSERT INTO `role_has_permission` (`id_permission`, `id_role`)VALUES ('1', '1'),('2', '1');
INSERT INTO `image_has_category` (`id_category`, `id_image`) VALUES ('1', '1'), ('2', '2'), ('3', '3'), ('4', '4'), ('5', '5');
INSERT INTO `image_has_motscle` (`id_image`,`id_motscle` ) VALUES ('1', '1'), ('2', '2'), ('3', '3'), ('4', '4'), ('5', '5');